,dteday,yr,mnth,weekday,aqi_label,aqi_reading
0,2011-01-01,2011,1,5,3,111
1,2011-01-02,2011,1,6,1,46
2,2011-01-03,2011,1,0,1,39
3,2011-01-04,2011,1,1,2,70
4,2011-01-05,2011,1,2,2,57
5,2011-01-06,2011,1,3,2,76
6,2011-01-07,2011,1,4,2,70
7,2011-01-08,2011,1,5,2,66
8,2011-01-09,2011,1,6,2,51
9,2011-01-10,2011,1,0,2,62
10,2011-01-11,2011,1,1,2,71
11,2011-01-12,2011,1,2,2,60
12,2011-01-13,2011,1,3,1,38
13,2011-01-14,2011,1,4,2,60
14,2011-01-15,2011,1,5,2,80
15,2011-01-16,2011,1,6,2,59
16,2011-01-17,2011,1,0,2,63
17,2011-01-18,2011,1,1,2,59
18,2011-01-19,2011,1,2,2,68
19,2011-01-20,2011,1,3,2,52
20,2011-01-21,2011,1,4,2,52
21,2011-01-22,2011,1,5,2,57
22,2011-01-23,2011,1,6,2,69
23,2011-01-24,2011,1,0,2,69
24,2011-01-25,2011,1,1,2,84
25,2011-01-26,2011,1,2,2,94
26,2011-01-27,2011,1,3,2,64
27,2011-01-28,2011,1,4,2,80
28,2011-01-29,2011,1,5,2,64
29,2011-01-30,2011,1,6,2,84
30,2011-01-31,2011,1,0,2,67
31,2011-02-01,2011,2,1,2,74
32,2011-02-02,2011,2,2,1,50
33,2011-02-03,2011,2,3,1,39
34,2011-02-04,2011,2,4,2,61
35,2011-02-05,2011,2,5,1,49
36,2011-02-06,2011,2,6,2,59
37,2011-02-07,2011,2,0,2,87
38,2011-02-08,2011,2,1,1,50
39,2011-02-09,2011,2,2,1,41
40,2011-02-10,2011,2,3,2,60
41,2011-02-11,2011,2,4,2,73
42,2011-02-12,2011,2,5,2,64
43,2011-02-13,2011,2,6,2,51
44,2011-02-14,2011,2,0,1,46
45,2011-02-15,2011,2,1,1,43
46,2011-02-16,2011,2,2,2,54
47,2011-02-17,2011,2,3,2,77
48,2011-02-18,2011,2,4,2,62
49,2011-02-19,2011,2,5,4,162
50,2011-02-20,2011,2,6,1,42
51,2011-02-21,2011,2,0,1,46
52,2011-02-22,2011,2,1,1,43
53,2011-02-23,2011,2,2,2,81
54,2011-02-24,2011,2,3,2,76
55,2011-02-25,2011,2,4,2,62
56,2011-02-26,2011,2,5,1,47
57,2011-02-27,2011,2,6,2,58
58,2011-02-28,2011,2,0,2,58
59,2011-03-01,2011,3,1,1,48
60,2011-03-02,2011,3,2,1,49
61,2011-03-03,2011,3,3,2,93
62,2011-03-04,2011,3,4,1,42
63,2011-03-05,2011,3,5,1,42
64,2011-03-06,2011,3,6,1,38
65,2011-03-07,2011,3,0,1,42
66,2011-03-08,2011,3,1,1,46
67,2011-03-09,2011,3,2,1,38
68,2011-03-10,2011,3,3,1,38
69,2011-03-11,2011,3,4,1,37
70,2011-03-12,2011,3,5,2,55
71,2011-03-13,2011,3,6,1,48
72,2011-03-14,2011,3,0,2,52
73,2011-03-15,2011,3,1,2,53
74,2011-03-16,2011,3,2,2,54
75,2011-03-17,2011,3,3,2,61
76,2011-03-18,2011,3,4,2,55
77,2011-03-19,2011,3,5,1,44
78,2011-03-20,2011,3,6,1,47
79,2011-03-21,2011,3,0,2,66
80,2011-03-22,2011,3,1,2,60
81,2011-03-23,2011,3,2,2,54
82,2011-03-24,2011,3,3,1,40
83,2011-03-25,2011,3,4,1,41
84,2011-03-26,2011,3,5,1,48
85,2011-03-27,2011,3,6,1,46
86,2011-03-28,2011,3,0,1,45
87,2011-03-29,2011,3,1,1,48
88,2011-03-30,2011,3,2,2,54
89,2011-03-31,2011,3,3,2,52
90,2011-04-01,2011,4,4,2,60
91,2011-04-02,2011,4,5,2,75
92,2011-04-03,2011,4,6,2,60
93,2011-04-04,2011,4,0,2,80
94,2011-04-05,2011,4,1,1,39
95,2011-04-06,2011,4,2,2,54
96,2011-04-07,2011,4,3,2,73
97,2011-04-08,2011,4,4,2,60
98,2011-04-09,2011,4,5,2,53
99,2011-04-10,2011,4,6,2,56
100,2011-04-11,2011,4,0,2,60
101,2011-04-12,2011,4,1,1,42
102,2011-04-13,2011,4,2,1,41
103,2011-04-14,2011,4,3,2,67
104,2011-04-15,2011,4,4,2,64
105,2011-04-16,2011,4,5,1,46
106,2011-04-17,2011,4,6,2,51
107,2011-04-18,2011,4,0,2,87
108,2011-04-19,2011,4,1,2,74
109,2011-04-20,2011,4,2,2,74
110,2011-04-21,2011,4,3,2,51
111,2011-04-22,2011,4,4,1,44
112,2011-04-23,2011,4,5,1,46
113,2011-04-24,2011,4,6,2,55
114,2011-04-25,2011,4,0,2,67
115,2011-04-26,2011,4,1,1,50
116,2011-04-27,2011,4,2,1,43
117,2011-04-28,2011,4,3,2,51
118,2011-04-29,2011,4,4,1,47
119,2011-04-30,2011,4,5,1,44
120,2011-05-01,2011,5,6,2,51
121,2011-05-02,2011,5,0,2,71
122,2011-05-03,2011,5,1,2,64
123,2011-05-04,2011,5,2,1,36
124,2011-05-05,2011,5,3,2,51
125,2011-05-06,2011,5,4,2,90
126,2011-05-07,2011,5,5,2,64
127,2011-05-08,2011,5,6,2,64
128,2011-05-09,2011,5,0,2,54
129,2011-05-10,2011,5,1,2,61
130,2011-05-11,2011,5,2,2,90
131,2011-05-12,2011,5,3,2,71
132,2011-05-13,2011,5,4,2,67
133,2011-05-14,2011,5,5,2,53
134,2011-05-15,2011,5,6,2,53
135,2011-05-16,2011,5,0,2,61
136,2011-05-17,2011,5,1,2,51
137,2011-05-18,2011,5,2,1,44
138,2011-05-19,2011,5,3,1,44
139,2011-05-20,2011,5,4,2,58
140,2011-05-21,2011,5,5,2,67
141,2011-05-22,2011,5,6,2,67
142,2011-05-23,2011,5,0,2,71
143,2011-05-24,2011,5,1,2,64
144,2011-05-25,2011,5,2,3,115
145,2011-05-26,2011,5,3,3,119
146,2011-05-27,2011,5,4,2,71
147,2011-05-28,2011,5,5,1,48
148,2011-05-29,2011,5,6,2,65
149,2011-05-30,2011,5,0,3,119
150,2011-05-31,2011,5,1,4,177
151,2011-06-01,2011,6,2,4,166
152,2011-06-02,2011,6,3,3,122
153,2011-06-03,2011,6,4,2,77
154,2011-06-04,2011,6,5,3,108
155,2011-06-05,2011,6,6,2,97
156,2011-06-06,2011,6,0,3,115
157,2011-06-07,2011,6,1,4,159
158,2011-06-08,2011,6,2,5,209
159,2011-06-09,2011,6,3,5,201
160,2011-06-10,2011,6,4,4,187
161,2011-06-11,2011,6,5,3,108
162,2011-06-12,2011,6,6,2,84
163,2011-06-13,2011,6,0,2,51
164,2011-06-14,2011,6,1,1,49
165,2011-06-15,2011,6,2,2,64
166,2011-06-16,2011,6,3,2,58
167,2011-06-17,2011,6,4,2,90
168,2011-06-18,2011,6,5,3,119
169,2011-06-19,2011,6,6,2,100
170,2011-06-20,2011,6,0,2,80
171,2011-06-21,2011,6,1,2,100
172,2011-06-22,2011,6,2,2,97
173,2011-06-23,2011,6,3,2,74
174,2011-06-24,2011,6,4,2,84
175,2011-06-25,2011,6,5,2,51
176,2011-06-26,2011,6,6,2,59
177,2011-06-27,2011,6,0,2,70
178,2011-06-28,2011,6,1,3,119
179,2011-06-29,2011,6,2,3,115
180,2011-06-30,2011,6,3,3,115
181,2011-07-01,2011,7,4,3,136
182,2011-07-02,2011,7,5,5,202
183,2011-07-03,2011,7,6,3,147
184,2011-07-04,2011,7,0,3,101
185,2011-07-05,2011,7,1,4,182
186,2011-07-06,2011,7,2,4,161
187,2011-07-07,2011,7,3,4,172
188,2011-07-08,2011,7,4,2,67
189,2011-07-09,2011,7,5,2,87
190,2011-07-10,2011,7,6,3,112
191,2011-07-11,2011,7,0,3,115
192,2011-07-12,2011,7,1,3,129
193,2011-07-13,2011,7,2,2,97
194,2011-07-14,2011,7,3,2,71
195,2011-07-15,2011,7,4,2,100
196,2011-07-16,2011,7,5,2,67
197,2011-07-17,2011,7,6,2,71
198,2011-07-18,2011,7,0,4,156
199,2011-07-19,2011,7,1,3,119
200,2011-07-20,2011,7,2,4,151
201,2011-07-21,2011,7,3,3,143
202,2011-07-22,2011,7,4,4,179
203,2011-07-23,2011,7,5,4,164
204,2011-07-24,2011,7,6,3,101
205,2011-07-25,2011,7,0,2,84
206,2011-07-26,2011,7,1,3,126
207,2011-07-27,2011,7,2,2,90
208,2011-07-28,2011,7,3,3,129
209,2011-07-29,2011,7,4,4,156
210,2011-07-30,2011,7,5,3,105
211,2011-07-31,2011,7,6,3,126
212,2011-08-01,2011,8,0,4,172
213,2011-08-02,2011,8,1,2,97
214,2011-08-03,2011,8,2,2,69
215,2011-08-04,2011,8,3,2,77
216,2011-08-05,2011,8,4,2,67
217,2011-08-06,2011,8,5,2,54
218,2011-08-07,2011,8,6,2,67
219,2011-08-08,2011,8,0,3,108
220,2011-08-09,2011,8,1,2,80
221,2011-08-10,2011,8,2,2,90
222,2011-08-11,2011,8,3,2,80
223,2011-08-12,2011,8,4,3,119
224,2011-08-13,2011,8,5,2,71
225,2011-08-14,2011,8,6,2,58
226,2011-08-15,2011,8,0,2,51
227,2011-08-16,2011,8,1,2,55
228,2011-08-17,2011,8,2,2,80
229,2011-08-18,2011,8,3,3,115
230,2011-08-19,2011,8,4,3,105
231,2011-08-20,2011,8,5,3,112
232,2011-08-21,2011,8,6,2,64
233,2011-08-22,2011,8,0,1,44
234,2011-08-23,2011,8,1,2,54
235,2011-08-24,2011,8,2,2,71
236,2011-08-25,2011,8,3,2,54
237,2011-08-26,2011,8,4,2,100
238,2011-08-27,2011,8,5,2,51
239,2011-08-28,2011,8,6,1,50
240,2011-08-29,2011,8,0,1,39
241,2011-08-30,2011,8,1,2,67
242,2011-08-31,2011,8,2,3,108
243,2011-09-01,2011,9,3,2,93
244,2011-09-02,2011,9,4,2,73
245,2011-09-03,2011,9,5,3,108
246,2011-09-04,2011,9,6,2,83
247,2011-09-05,2011,9,0,2,57
248,2011-09-06,2011,9,1,1,39
249,2011-09-07,2011,9,2,1,26
250,2011-09-08,2011,9,3,1,35
251,2011-09-09,2011,9,4,1,35
252,2011-09-10,2011,9,5,2,54
253,2011-09-11,2011,9,6,2,61
254,2011-09-12,2011,9,0,2,74
255,2011-09-13,2011,9,1,2,93
256,2011-09-14,2011,9,2,2,90
257,2011-09-15,2011,9,3,1,48
258,2011-09-16,2011,9,4,1,30
259,2011-09-17,2011,9,5,1,35
260,2011-09-18,2011,9,6,1,35
261,2011-09-19,2011,9,0,1,35
262,2011-09-20,2011,9,1,1,49
263,2011-09-21,2011,9,2,2,52
264,2011-09-22,2011,9,3,1,44
265,2011-09-23,2011,9,4,1,38
266,2011-09-24,2011,9,5,1,44
267,2011-09-25,2011,9,6,2,58
268,2011-09-26,2011,9,0,1,48
269,2011-09-27,2011,9,1,1,45
270,2011-09-28,2011,9,2,1,49
271,2011-09-29,2011,9,3,2,55
272,2011-09-30,2011,9,4,1,47
273,2011-10-01,2011,10,5,1,22
274,2011-10-02,2011,10,6,1,24
275,2011-10-03,2011,10,0,1,23
276,2011-10-04,2011,10,1,1,29
277,2011-10-05,2011,10,2,2,52
278,2011-10-06,2011,10,3,1,40
279,2011-10-07,2011,10,4,2,53
280,2011-10-08,2011,10,5,2,59
281,2011-10-09,2011,10,6,2,61
282,2011-10-10,2011,10,0,2,69
283,2011-10-11,2011,10,1,2,67
284,2011-10-12,2011,10,2,1,39
285,2011-10-13,2011,10,3,2,51
286,2011-10-14,2011,10,4,1,35
287,2011-10-15,2011,10,5,1,38
288,2011-10-16,2011,10,6,2,58
289,2011-10-17,2011,10,0,1,43
290,2011-10-18,2011,10,1,2,55
291,2011-10-19,2011,10,2,1,45
292,2011-10-20,2011,10,3,1,27
293,2011-10-21,2011,10,4,1,25
294,2011-10-22,2011,10,5,1,49
295,2011-10-23,2011,10,6,2,66
296,2011-10-24,2011,10,0,2,60
297,2011-10-25,2011,10,1,1,46
298,2011-10-26,2011,10,2,2,57
299,2011-10-27,2011,10,3,2,59
300,2011-10-28,2011,10,4,1,30
301,2011-10-29,2011,10,5,1,27
302,2011-10-30,2011,10,6,1,44
303,2011-10-31,2011,10,0,2,70
304,2011-11-01,2011,11,1,2,57
305,2011-11-02,2011,11,2,2,68
306,2011-11-03,2011,11,3,2,61
307,2011-11-04,2011,11,4,2,53
308,2011-11-05,2011,11,5,1,37
309,2011-11-06,2011,11,6,2,55
310,2011-11-07,2011,11,0,2,80
311,2011-11-08,2011,11,1,2,73
312,2011-11-09,2011,11,2,2,80
313,2011-11-10,2011,11,3,2,56
314,2011-11-11,2011,11,4,1,41
315,2011-11-12,2011,11,5,2,53
316,2011-11-13,2011,11,6,2,56
317,2011-11-14,2011,11,0,1,48
318,2011-11-15,2011,11,1,1,47
319,2011-11-16,2011,11,2,1,45
320,2011-11-17,2011,11,3,1,33
321,2011-11-18,2011,11,4,1,45
322,2011-11-19,2011,11,5,2,53
323,2011-11-20,2011,11,6,2,54
324,2011-11-21,2011,11,0,2,66
325,2011-11-22,2011,11,1,1,43
326,2011-11-23,2011,11,2,1,32
327,2011-11-24,2011,11,3,1,37
328,2011-11-25,2011,11,4,2,53
329,2011-11-26,2011,11,5,2,73
330,2011-11-27,2011,11,6,2,63
331,2011-11-28,2011,11,0,1,46
332,2011-11-29,2011,11,1,1,46
333,2011-11-30,2011,11,2,1,27
334,2011-12-01,2011,12,3,1,42
335,2011-12-02,2011,12,4,2,60
336,2011-12-03,2011,12,5,2,69
337,2011-12-04,2011,12,6,2,67
338,2011-12-05,2011,12,0,2,76
339,2011-12-06,2011,12,1,1,45
340,2011-12-07,2011,12,2,1,28
341,2011-12-08,2011,12,3,2,51
342,2011-12-09,2011,12,4,2,67
343,2011-12-10,2011,12,5,1,47
344,2011-12-11,2011,12,6,2,64
345,2011-12-12,2011,12,0,2,88
346,2011-12-13,2011,12,1,2,77
347,2011-12-14,2011,12,2,2,74
348,2011-12-15,2011,12,3,2,54
349,2011-12-16,2011,12,4,1,45
350,2011-12-17,2011,12,5,2,52
351,2011-12-18,2011,12,6,2,59
352,2011-12-19,2011,12,0,2,66
353,2011-12-20,2011,12,1,2,52
354,2011-12-21,2011,12,2,2,63
355,2011-12-22,2011,12,3,1,39
356,2011-12-23,2011,12,4,1,35
357,2011-12-24,2011,12,5,1,40
358,2011-12-25,2011,12,6,2,56
359,2011-12-26,2011,12,0,1,35
360,2011-12-27,2011,12,1,1,42
361,2011-12-28,2011,12,2,1,30
362,2011-12-29,2011,12,3,2,51
363,2011-12-30,2011,12,4,2,68
364,2011-12-31,2011,12,5,2,53
365,2012-01-01,2012,1,6,2,52
366,2012-01-02,2012,1,0,1,30
367,2012-01-03,2012,1,1,1,31
368,2012-01-04,2012,1,2,1,34
369,2012-01-05,2012,1,3,2,63
370,2012-01-06,2012,1,4,2,68
371,2012-01-07,2012,1,5,2,61
372,2012-01-08,2012,1,6,1,40
373,2012-01-09,2012,1,0,2,52
374,2012-01-10,2012,1,1,2,64
375,2012-01-11,2012,1,2,2,70
376,2012-01-12,2012,1,3,1,32
377,2012-01-13,2012,1,4,1,28
378,2012-01-14,2012,1,5,1,38
379,2012-01-15,2012,1,6,2,51
380,2012-01-16,2012,1,0,2,54
381,2012-01-17,2012,1,1,2,54
382,2012-01-18,2012,1,2,1,31
383,2012-01-19,2012,1,3,1,45
384,2012-01-20,2012,1,4,1,37
385,2012-01-21,2012,1,5,2,60
386,2012-01-22,2012,1,6,2,66
387,2012-01-23,2012,1,0,2,88
388,2012-01-24,2012,1,1,2,54
389,2012-01-25,2012,1,2,2,70
390,2012-01-26,2012,1,3,2,87
391,2012-01-27,2012,1,4,2,55
392,2012-01-28,2012,1,5,1,42
393,2012-01-29,2012,1,6,1,36
394,2012-01-30,2012,1,0,1,39
395,2012-01-31,2012,1,1,2,55
396,2012-02-01,2012,2,2,2,54
397,2012-02-02,2012,2,3,2,61
398,2012-02-03,2012,2,4,1,49
399,2012-02-04,2012,2,5,2,73
400,2012-02-05,2012,2,6,2,67
401,2012-02-06,2012,2,0,2,62
402,2012-02-07,2012,2,1,2,62
403,2012-02-08,2012,2,2,2,79
404,2012-02-09,2012,2,3,2,60
405,2012-02-10,2012,2,4,2,64
406,2012-02-11,2012,2,5,2,66
407,2012-02-12,2012,2,6,1,38
408,2012-02-13,2012,2,0,1,44
409,2012-02-14,2012,2,1,2,64
410,2012-02-15,2012,2,2,2,62
411,2012-02-16,2012,2,3,2,75
412,2012-02-17,2012,2,4,2,64
413,2012-02-18,2012,2,5,2,58
414,2012-02-19,2012,2,6,1,44
415,2012-02-20,2012,2,0,1,46
416,2012-02-21,2012,2,1,2,54
417,2012-02-22,2012,2,2,1,43
418,2012-02-23,2012,2,3,1,40
419,2012-02-24,2012,2,4,2,55
420,2012-02-25,2012,2,5,2,53
421,2012-02-26,2012,2,6,1,48
422,2012-02-27,2012,2,0,2,51
423,2012-02-28,2012,2,1,2,54
424,2012-02-29,2012,2,2,2,60
425,2012-03-01,2012,3,3,1,50
426,2012-03-02,2012,3,4,1,48
427,2012-03-03,2012,3,5,1,40
428,2012-03-04,2012,3,6,1,37
429,2012-03-05,2012,3,0,1,37
430,2012-03-06,2012,3,1,1,45
431,2012-03-07,2012,3,2,2,54
432,2012-03-08,2012,3,3,2,59
433,2012-03-09,2012,3,4,1,42
434,2012-03-10,2012,3,5,1,41
435,2012-03-11,2012,3,6,1,48
436,2012-03-12,2012,3,0,2,62
437,2012-03-13,2012,3,1,2,53
438,2012-03-14,2012,3,2,2,64
439,2012-03-15,2012,3,3,2,64
440,2012-03-16,2012,3,4,2,80
441,2012-03-17,2012,3,5,2,88
442,2012-03-18,2012,3,6,2,74
443,2012-03-19,2012,3,0,2,59
444,2012-03-20,2012,3,1,1,46
445,2012-03-21,2012,3,2,2,53
446,2012-03-22,2012,3,3,2,77
447,2012-03-23,2012,3,4,2,74
448,2012-03-24,2012,3,5,2,60
449,2012-03-25,2012,3,6,2,52
450,2012-03-26,2012,3,0,1,45
451,2012-03-27,2012,3,1,1,47
452,2012-03-28,2012,3,2,2,74
453,2012-03-29,2012,3,3,1,40
454,2012-03-30,2012,3,4,1,48
455,2012-03-31,2012,3,5,2,62
456,2012-04-01,2012,4,6,2,66
457,2012-04-02,2012,4,0,2,54
458,2012-04-03,2012,4,1,2,58
459,2012-04-04,2012,4,2,2,71
460,2012-04-05,2012,4,3,1,45
461,2012-04-06,2012,4,4,2,54
462,2012-04-07,2012,4,5,2,61
463,2012-04-08,2012,4,6,2,80
464,2012-04-09,2012,4,0,2,51
465,2012-04-10,2012,4,1,2,64
466,2012-04-11,2012,4,2,1,33
467,2012-04-12,2012,4,3,1,39
468,2012-04-13,2012,4,4,2,58
469,2012-04-14,2012,4,5,2,80
470,2012-04-15,2012,4,6,3,115
471,2012-04-16,2012,4,0,2,87
472,2012-04-17,2012,4,1,2,58
473,2012-04-18,2012,4,2,1,42
474,2012-04-19,2012,4,3,2,72
475,2012-04-20,2012,4,4,2,67
476,2012-04-21,2012,4,5,2,51
477,2012-04-22,2012,4,6,1,29
478,2012-04-23,2012,4,0,1,42
479,2012-04-24,2012,4,1,2,61
480,2012-04-25,2012,4,2,2,64
481,2012-04-26,2012,4,3,2,58
482,2012-04-27,2012,4,4,1,49
483,2012-04-28,2012,4,5,1,49
484,2012-04-29,2012,4,6,2,84
485,2012-04-30,2012,4,0,2,64
486,2012-05-01,2012,5,1,2,80
487,2012-05-02,2012,5,2,2,62
488,2012-05-03,2012,5,3,2,80
489,2012-05-04,2012,5,4,2,82
490,2012-05-05,2012,5,5,2,61
491,2012-05-06,2012,5,6,1,46
492,2012-05-07,2012,5,0,1,46
493,2012-05-08,2012,5,1,2,61
494,2012-05-09,2012,5,2,2,57
495,2012-05-10,2012,5,3,1,47
496,2012-05-11,2012,5,4,2,74
497,2012-05-12,2012,5,5,3,115
498,2012-05-13,2012,5,6,2,100
499,2012-05-14,2012,5,0,1,49
500,2012-05-15,2012,5,1,2,54
501,2012-05-16,2012,5,2,3,122
502,2012-05-17,2012,5,3,2,58
503,2012-05-18,2012,5,4,2,90
504,2012-05-19,2012,5,5,3,115
505,2012-05-20,2012,5,6,2,87
506,2012-05-21,2012,5,0,1,39
507,2012-05-22,2012,5,1,1,48
508,2012-05-23,2012,5,2,2,62
509,2012-05-24,2012,5,3,2,97
510,2012-05-25,2012,5,4,2,71
511,2012-05-26,2012,5,5,2,71
512,2012-05-27,2012,5,6,2,54
513,2012-05-28,2012,5,0,2,80
514,2012-05-29,2012,5,1,2,58
515,2012-05-30,2012,5,2,2,90
516,2012-05-31,2012,5,3,3,136
517,2012-06-01,2012,6,4,2,97
518,2012-06-02,2012,6,5,1,49
519,2012-06-03,2012,6,6,2,80
520,2012-06-04,2012,6,0,1,40
521,2012-06-05,2012,6,1,1,42
522,2012-06-06,2012,6,2,1,48
523,2012-06-07,2012,6,3,1,49
524,2012-06-08,2012,6,4,2,74
525,2012-06-09,2012,6,5,3,136
526,2012-06-10,2012,6,6,4,159
527,2012-06-11,2012,6,0,3,101
528,2012-06-12,2012,6,1,1,45
529,2012-06-13,2012,6,2,2,58
530,2012-06-14,2012,6,3,2,64
531,2012-06-15,2012,6,4,2,74
532,2012-06-16,2012,6,5,2,77
533,2012-06-17,2012,6,6,1,50
534,2012-06-18,2012,6,0,1,43
535,2012-06-19,2012,6,1,3,147
536,2012-06-20,2012,6,2,4,159
537,2012-06-21,2012,6,3,4,185
538,2012-06-22,2012,6,4,3,147
539,2012-06-23,2012,6,5,2,90
540,2012-06-24,2012,6,6,3,105
541,2012-06-25,2012,6,0,2,93
542,2012-06-26,2012,6,1,1,43
543,2012-06-27,2012,6,2,2,84
544,2012-06-28,2012,6,3,4,161
545,2012-06-29,2012,6,4,5,212
546,2012-06-30,2012,6,5,3,143
547,2012-07-01,2012,7,6,3,143
548,2012-07-02,2012,7,0,2,97
549,2012-07-03,2012,7,1,4,156
550,2012-07-04,2012,7,2,3,140
551,2012-07-05,2012,7,3,4,166
552,2012-07-06,2012,7,4,5,201
553,2012-07-07,2012,7,5,4,190
554,2012-07-08,2012,7,6,4,166
555,2012-07-09,2012,7,0,3,101
556,2012-07-10,2012,7,1,2,100
557,2012-07-11,2012,7,2,2,90
558,2012-07-12,2012,7,3,2,87
559,2012-07-13,2012,7,4,3,101
560,2012-07-14,2012,7,5,2,74
561,2012-07-15,2012,7,6,2,51
562,2012-07-16,2012,7,0,2,100
563,2012-07-17,2012,7,1,4,174
564,2012-07-18,2012,7,2,4,151
565,2012-07-19,2012,7,3,4,154
566,2012-07-20,2012,7,4,2,52
567,2012-07-21,2012,7,5,1,44
568,2012-07-22,2012,7,6,2,61
569,2012-07-23,2012,7,0,3,126
570,2012-07-24,2012,7,1,3,115
571,2012-07-25,2012,7,2,2,87
572,2012-07-26,2012,7,3,3,143
573,2012-07-27,2012,7,4,3,112
574,2012-07-28,2012,7,5,2,93
575,2012-07-29,2012,7,6,2,71
576,2012-07-30,2012,7,0,2,80
577,2012-07-31,2012,7,1,2,64
578,2012-08-01,2012,8,2,3,122
579,2012-08-02,2012,8,3,3,122
580,2012-08-03,2012,8,4,3,129
581,2012-08-04,2012,8,5,2,77
582,2012-08-05,2012,8,6,1,50
583,2012-08-06,2012,8,0,2,93
584,2012-08-07,2012,8,1,2,97
585,2012-08-08,2012,8,2,3,143
586,2012-08-09,2012,8,3,3,122
587,2012-08-10,2012,8,4,2,58
588,2012-08-11,2012,8,5,2,77
589,2012-08-12,2012,8,6,2,54
590,2012-08-13,2012,8,0,2,97
591,2012-08-14,2012,8,1,2,77
592,2012-08-15,2012,8,2,2,90
593,2012-08-16,2012,8,3,3,108
594,2012-08-17,2012,8,4,3,115
595,2012-08-18,2012,8,5,2,80
596,2012-08-19,2012,8,6,2,52
597,2012-08-20,2012,8,0,2,64
598,2012-08-21,2012,8,1,2,97
599,2012-08-22,2012,8,2,3,115
600,2012-08-23,2012,8,3,3,119
601,2012-08-24,2012,8,4,4,151
602,2012-08-25,2012,8,5,2,90
603,2012-08-26,2012,8,6,1,37
604,2012-08-27,2012,8,0,2,61
605,2012-08-28,2012,8,1,2,64
606,2012-08-29,2012,8,2,2,74
607,2012-08-30,2012,8,3,3,108
608,2012-08-31,2012,8,4,3,133
609,2012-09-01,2012,9,5,2,93
610,2012-09-02,2012,9,6,2,84
611,2012-09-03,2012,9,0,2,53
612,2012-09-04,2012,9,1,2,55
613,2012-09-05,2012,9,2,2,58
614,2012-09-06,2012,9,3,2,84
615,2012-09-07,2012,9,4,2,100
616,2012-09-08,2012,9,5,1,47
617,2012-09-09,2012,9,6,1,39
618,2012-09-10,2012,9,0,1,40
619,2012-09-11,2012,9,1,1,48
620,2012-09-12,2012,9,2,2,87
621,2012-09-13,2012,9,3,2,77
622,2012-09-14,2012,9,4,2,77
623,2012-09-15,2012,9,5,1,43
624,2012-09-16,2012,9,6,2,51
625,2012-09-17,2012,9,0,2,52
626,2012-09-18,2012,9,1,1,36
627,2012-09-19,2012,9,2,1,37
628,2012-09-20,2012,9,3,1,48
629,2012-09-21,2012,9,4,2,54
630,2012-09-22,2012,9,5,2,54
631,2012-09-23,2012,9,6,1,38
632,2012-09-24,2012,9,0,1,39
633,2012-09-25,2012,9,1,2,54
634,2012-09-26,2012,9,2,2,64
635,2012-09-27,2012,9,3,2,74
636,2012-09-28,2012,9,4,2,60
637,2012-09-29,2012,9,5,1,42
638,2012-09-30,2012,9,6,1,50
639,2012-10-01,2012,10,0,1,43
640,2012-10-02,2012,10,1,2,53
641,2012-10-03,2012,10,2,2,55
642,2012-10-04,2012,10,3,2,69
643,2012-10-05,2012,10,4,2,84
644,2012-10-06,2012,10,5,2,60
645,2012-10-07,2012,10,6,1,43
646,2012-10-08,2012,10,0,1,36
647,2012-10-09,2012,10,1,1,47
648,2012-10-10,2012,10,2,1,48
649,2012-10-11,2012,10,3,1,37
650,2012-10-12,2012,10,4,1,40
651,2012-10-13,2012,10,5,1,33
652,2012-10-14,2012,10,6,1,45
653,2012-10-15,2012,10,0,1,39
654,2012-10-16,2012,10,1,1,36
655,2012-10-17,2012,10,2,2,54
656,2012-10-18,2012,10,3,1,45
657,2012-10-19,2012,10,4,1,44
658,2012-10-20,2012,10,5,1,40
659,2012-10-21,2012,10,6,1,35
660,2012-10-22,2012,10,0,2,61
661,2012-10-23,2012,10,1,2,65
662,2012-10-24,2012,10,2,2,77
663,2012-10-25,2012,10,3,2,84
664,2012-10-26,2012,10,4,2,68
665,2012-10-27,2012,10,5,1,42
666,2012-10-28,2012,10,6,1,38
667,2012-10-29,2012,10,0,1,22
668,2012-10-30,2012,10,1,1,22
669,2012-10-31,2012,10,2,1,31
670,2012-11-01,2012,11,3,1,27
671,2012-11-02,2012,11,4,1,34
672,2012-11-03,2012,11,5,1,30
673,2012-11-04,2012,11,6,1,33
674,2012-11-05,2012,11,0,1,37
675,2012-11-06,2012,11,1,2,52
676,2012-11-07,2012,11,2,2,55
677,2012-11-08,2012,11,3,1,38
678,2012-11-09,2012,11,4,2,62
679,2012-11-10,2012,11,5,2,82
680,2012-11-11,2012,11,6,2,87
681,2012-11-12,2012,11,0,2,59
682,2012-11-13,2012,11,1,1,39
683,2012-11-14,2012,11,2,2,53
684,2012-11-15,2012,11,3,2,64
685,2012-11-16,2012,11,4,2,66
686,2012-11-17,2012,11,5,2,61
687,2012-11-18,2012,11,6,2,66
688,2012-11-19,2012,11,0,2,59
689,2012-11-20,2012,11,1,2,74
690,2012-11-21,2012,11,2,2,85
691,2012-11-22,2012,11,3,2,83
692,2012-11-23,2012,11,4,2,72
693,2012-11-24,2012,11,5,1,30
694,2012-11-25,2012,11,6,2,51
695,2012-11-26,2012,11,0,2,74
696,2012-11-27,2012,11,1,2,71
697,2012-11-28,2012,11,2,2,63
698,2012-11-29,2012,11,3,2,67
699,2012-11-30,2012,11,4,2,77
700,2012-12-01,2012,12,5,3,108
701,2012-12-02,2012,12,6,2,95
702,2012-12-03,2012,12,0,2,76
703,2012-12-04,2012,12,1,2,78
704,2012-12-05,2012,12,2,1,31
705,2012-12-06,2012,12,3,1,39
706,2012-12-07,2012,12,4,2,56
707,2012-12-08,2012,12,5,2,71
708,2012-12-09,2012,12,6,2,63
709,2012-12-10,2012,12,0,2,65
710,2012-12-11,2012,12,1,1,37
711,2012-12-12,2012,12,2,2,59
712,2012-12-13,2012,12,3,2,65
713,2012-12-14,2012,12,4,2,71
714,2012-12-15,2012,12,5,2,74
715,2012-12-16,2012,12,6,2,71
716,2012-12-17,2012,12,0,2,75
717,2012-12-18,2012,12,1,1,33
718,2012-12-19,2012,12,2,1,49
719,2012-12-20,2012,12,3,2,52
720,2012-12-21,2012,12,4,1,28
721,2012-12-22,2012,12,5,1,33
722,2012-12-23,2012,12,6,1,45
723,2012-12-24,2012,12,0,2,71
724,2012-12-25,2012,12,1,2,83
725,2012-12-26,2012,12,2,1,33
726,2012-12-27,2012,12,3,1,35
727,2012-12-28,2012,12,4,2,53
728,2012-12-29,2012,12,5,2,60
729,2012-12-30,2012,12,6,1,33
730,2012-12-31,2012,12,0,2,52
